"iron cement ist eine gebrauchs-fertige Paste , die mit einem Spachtel oder den Fingern als Hohlkehle in die Formecken ( Winkel ) der Stahlguss -Kokille aufgetragen wird ."
"Nach der Aushärtung schützt iron cement die Kokille gegen den heissen , abrasiven Stahlguss ."
"feuerfester Reparaturkitt für Feuerungsanlagen , Öfen , offene Feuerstellen etc."
Der Bau und die Reparatur der Autostraßen ...
die Mitteilungen sollen den geschäftlichen kommerziellen Charakter tragen .
der Vertrieb Ihrer Waren und Dienstleistungen durch das Postfach-System WIRD NICHT ZUGELASSEN .
die Werbeversande ( Spam ) und andere unkorrekte Informationen werden gelöscht .
ACDSee 9 Photo Manager Organize your photos . Share your world .
"No matter what kind of photos you take - of friends and family or artistic shots as a hobby - you need photo software that organizes your shots AND allows you to view , fix , and share them quickly and easily ."
"ACDSee 9 makes organizing your photos exactly that : Quick and easy , so you can play with and share the great photos you &apos; ve got ..."
"Your photo collection is growing daily . Family pictures , travel pictures , pictures of your home and garden - with so many photos to look through , how will you find and organize your best ones ?"
"ACDSee 8 Photo Manager s razor-sharp search tools help you find your best photos , and sort them into common sense categories that make them easy to find later ..."
"Chat in male , female , baby voice in voice chat rooms ; keep your privacy and spy voice conference ."
MP3 player plays multi format music .
"Recorder can record from microphone or music played by MusicMatch , RealPlayer , Windows Media Players , Winamp , iTunes , PowerDVD ... Plug-in effects and preset &apos; nickvoices &apos; ."
"In todays world of professional digital photography , workflow is the name of the game ."
"Thats why we created ACDSee Pro Photo Manager , to give you unparalleled speed in every facet of your digital photography management - from image capture to final print ."
ACDSee Pro streamlines your workflow and increases your productivity so you and your business can excel ...
"What &apos; s the biggest problem of downloading---Speed , the second biggest---Management after downloading . FlashGet ( JetCar ) was written for these two problems ."
"By splitting files into parts and download them ( all the parts ) simultaneously , FlashGet increases download speed from 100 % to 500 % ...."
"GetRight extends your file downloading with resuming of broken downloads , easy error recovery , download acceleration , and many other features to give you faster and more flexible downloads ."
"You can use GetRight to schedule your downloads for later ; it can dial your modem at the set time , download the files you want , then hang up or even shut down your computer when done . And lots more ...."
"Chat in male , female , baby voice in voice chat rooms ; keep your privacy and spy voice conference . MP3 player plays multi format music ."
"Recorder can record from microphone or music played by MusicMatch , RealPlayer , Windows Media Players , Winamp , iTunes , PowerDVD ... Plug-in effects and preset # nickvoices # . Frequency Morpher , Advanced Tune , Equalizer , update manager ."
This game is an amusing parody on 2d-shooters which you have ever seen . Beautiful bright graphic and a lot of humor .
"Wonderful , pleasant music . Both adults and children can play Jay ."
Have you ever dodged from flying in your direction plates ?
And what about corks ? At least from DDT ?
No ? Then you will certainly enjoy this game ...
"Argentum Coolbase is a versatile information manager that can keep any kind of information , such as text , numbers , links , pictures and music , in a tree outline database . Argentum Coolbase can serve you as a note taker , a diary keeper , a personal contact list , a link organizer , a text editor , and more ."
"Keylogger Pro is an advanced , low level stealth keystroke monitoring application that will secretly record and backup all keystrokes typed ( both system keys and regular keys ) on your PC ."
Keylogger Pro offers a wide array of features and options to ensure that it runs exactly to your liking .
"Additionally , Keylogger Pro allows you to remotely view keystroke logs ( via e-mail ) ...."
"Partition Manager from Paragon provides easy and safe partitioning functions ! With Partition Manager you can reclaim wasted disk space , organize your data , add new operating systems , speed up file system performance ."
"Separating operating system , applications and important data you reach better management for your data and better security ..."
PC Spy Keylogger is a top-rated invisible easy-to-use surveillance tool that records every keystroke to a log file .
The log file can be sent secretly with email or FTP to a specified receiver .
"It can also detection specified keywords and take a screenshot whenever one is typed , displaying findings in a tidy log viewer ."
It causes no suspicious slowdowns and takes very few system resources ...
"Digger Adventures is a multiplayer rebirth of the classic Digger concept , although one person can still play this new release . In the game , the players drive quite a small bulldozer through underground levels ."
"It &apos; s suitable for either inexperienced or advanced users . Easily and safely change the partitioning of your hard disk , or change parameters of partitions ."
"All common file systems and operating systems are supported . With 7Tools Partition Manager 2004 you can reclaim wasted disk space , organize your data and speed up file system perfor ..."
"NetVizor tracks keystrokes , websites , programs ran , and much more ! Combined with real-time remote surveillance and individual user monitoring , NetVizor is the most comprehensive network monitoring solution available ! ..."
The Warecase eXtended Task Manager ( XTM ) is a powerful auxiliary tool designed for simplifying the environment of the software developer .
XTM is an extended task monitoring and troubleshooting tool for Microsoft Windows 64-bit versions .
XTM can give fast solutions for sudden problems which may arise in a product &apos; s functioning without having to either reinstall it from the user workstation or even without needing to close the application ...
XTM is an extended task monitoring and troubleshooting tool for Microsoft Windows 2000 OS and later versions of Windows ...
"Take control of your life , and easily organize your tasks , meetings , keep track of your notes and passwords , with this new software . Keep everything that happens in your life ( business or personal ) under control , by simply organizing all aspects , with Personal Information Manager ."
Features : - Today overview : - View and organize todays Tasks and Meetings in a simple overview screens . - Receive alerts before each meeting ...
&quot; Das am leichtesten zu erlernende professionelle Layoutwerkzeug .
"Heute verstehen sich QuarkXPress ® 8 , Photoshop ® und Illustrator ® besser als jemals zuvor . Dank HTML und CSS ­ können Anwender von QuarkXPress inzwischen alle Medien bedienen , und das unabhängig von Anwendungen der Adobe ® Creative Suite ® wie Adobe Flash ® ( SWF ) und Adobe Dreamweaver ® ."
"Hier erfahren Sie , wie Sie Creative Suite 2 und Creative Suite 3 am besten zusammen mit QuarkXPress nutzen können ."
"Sie werden überrascht sein , wie einfach sich mit Quark das volle Potenzial Ihrer Design-Software erschließen lässt ."
"Häufig wird die Meinung vertreten , dass QuarkXPress 8 von allen heute verfügbaren Layout-Programmen die beste Integration mit Photoshop über das PSD-Dateiformat bietet ."
"In diesem Abschnitt erläutern wir , wann Sie für Ihre Bilder das PSD-Format verwenden sollten und wie Sie es für Ihre Bilder optimal nutzen ."
"Angenommen Sie haben verschiedene Ebenen in Ihrer PSD-Datei mit verschiedenen Darstellungen eines Produkts , die je nach Verwendungszweck ausgewählt werden ."
"Wenn Sie mit PSD arbeiten , können Sie diese Ebenen in QuarkXPress ein- oder ausschalten , ohne für jede Veröffentlichung eine eigene TIFF-Datei generieren zu müssen ."
Eine andere mögliche Frage für die Entscheidung zwischen PSD und TIFF ist : „ Muss ich für dieses Bild eine Volltonfarbe verwenden ?
&quot; In den meisten Bildformaten sind Volltonfarben oft problematisch .
"Da QuarkXPress jedoch PSD-Kanäle unterstützt , geht es mit PSD einfacher und flexibler ."
"Erstellen Sie einen Rahmen und gehen Sie dann auf Datei &gt; Importieren ... oder ziehen Sie das Bild einfach per Drag &amp; Drop von Ihrem Desktop , aus dem Finder oder einer Anwendung wie Adobe Bridge herüber – dies können Sie mit oder ohne einen zuvor erstellten Rahmen tun ."
"Um die speziellen Funktionen von PSD-Dateien nutzen zu können , öffnen Sie die Palette PSD-Import ( Fenster &gt; PSD-Import ) ."
Hier werden sofort in einer Miniaturansicht die einzelnen Ebenen zusammen mit den Ebenennamen angezeigt .
"Wenn Sie eine zusätzliche Farbe oder einen zusätzlichen Auszug zu Ihren Bildern hinzufügen möchten , können Sie dies in Photoshop durch Einrichten eines zusätzlichen Kanals erreichen – zum Beispiel wenn ein Teil eines Bildes übermalt werden oder wenn eine Volltonfarbe für das Bild verwendet werden soll ."
"QuarkXPress kann direkt in der Palette PSD-Import jeden beliebigen Kanal neu zuweisen , und zwar nicht-destruktiv ."
"Klicken Sie einfach auf das Registerblatt » Kanäle « der Palette PSD-Import , und doppelklicken Sie dann auf den gewünschten Kanal . Jetzt können Sie jede beliebige Farbe aus der Farbpalette Ihres Projekts auswählen und damit ein einheitliches Erscheinungsbild sicherstellen ."
"So leistungsfähig die PSD – Unterstützung von QuarkXPress 8 ist , einige Ebenentypen , wie die Ebeneneffekte &#91; z."
"PSD-Dateien , in denen ein solcher Ebenentyp enthalten ist , lassen sich dennoch problemlos importieren und ausdrucken , aber die Ebenen-Werkzeuge der Palette PSD-Import sind dann nicht zugänglich ."
"Wenn Sie diese Funktionalität benötigen , können Sie diese Ebenen aus Ihrer PSD-Datei entfernen , indem Sie die Ebeneneffekte in Einzelebenen oder Smart Objects &#91; klicken Sie mit der rechten Maustaste in der Ebenenpalette in Photoshop auf Ebene &#93; umwandeln ."
"QuarkXPress unterstützt Textebenen , die meisten Anpassungsebenen und sogar die neuen 3D-Ebenen von Photoshop CS Extended , einschließlich der Bearbeitungsmöglichkeiten für Opazität und Verlauf ."
Illustrator ist ein hervorragendes Werkzeug für die Erstellung von Logos und Vektorzeichnungen .
Üblicherweise wurden Daten aus Illustrator über eine EPS-Datei nach QuarkXPress exportiert .
"Mit QuarkXPress 8 ist das jetzt viel einfacher geworden , denn es liefert einen direkten Import von nativen ai.-Dateien."
Ziehen Sie einfach Ihre Illustrator-Dateien per Drag &amp; Drop in das Layout oder importieren Sie sie .
"QuarkXPress verfügt über leistungsfähige Transparenzalgorithmen , unterstützt aber bisher noch keine teilweise transparenten Objekte in PDF- oder Illustrator-Dateien ."
"Wenn Sie beispielsweise in Illustrator mit Schlagschatten gearbeitet haben und das betreffende Objekt über einen nicht weißen Hintergrund oder ein anderes Objekt legen wollen , kann es im Einzelfall zu unerwünschten Effekten kommen ."
"Die gute Nachricht ist , dass die Funktionen Schlagschatten und Transparenz von QuarkXPress auch bei importierten Illustrator-Dateien funktionieren , so dass Sie stattdessen einen Schlagschatten einsetzen oder die Opazität Ihrer .ai-Datei direkt in Ihrem Layout ändern können ."
"QuarkXPress ist gut gerüstet für Zeichenaufgaben , und in unserem neuesten Release haben wir viele unserer Grafikwerkzeuge so standardisiert , dass man mit ihnen auf gleiche Weise wie mit Illustrator , Freehand ® und ähnlichen Werkzeugen arbeiten kann ."
"Wenn Sie den unten stehenden Link anklicken , sehen Sie ein Video über die Erstellung ansprechender Illustrationen in QuarkXPress 8."
"Kreativprofis können anspruchsvolle Flash-Projekte kreieren , ohne beim Design Kompromisse eingehen zu müssen . Nutzen Sie einfach die integrierten Flash-Autorenwerkzeuge , die in jeder QuarkXPress 8 Edition enthalten sind ."
"Aus der vertrauten Print-Umgebung von QuarkXPress 8 heraus können Sie Ihre vorhandenen Printlayouts ohne Umwege in Flash umsetzen oder innerhalb von Minuten neue Flash-Projekte kreieren , ohne zusätzliche Anschaffungen tätigen oder das Programmieren erlernen zu müssen ."
"Wenn Sie den unten stehenden Link anklicken , sehen Sie ein Video über die Erstellung raffinierter Flash-Designs in QuarkXPress 8."
"##STAR## InDesign CS 4 : Interaktive Elemente wie Hyperlinks , Seitenübergänge und Schaltflächen-Aktionen sind nicht in der XFL-Datei enthalten ."
Haftungshinweis : Dieses Dokument basiert auf öffentlich zugänglichen Informationen und nicht auf einer Software-Evaluierung .
Die Inhalte können jederzeit überarbeitet werden .
Quark Inc. übernimmt keine rechtliche oder anderweitige Verantwortung für die Korrektheit dieser Angaben .
"QuarkXPress enthält Weblayouts , mit denen man Menüs und Hyperlinks erstellen und Druckgrafiken oder fantasievolle Textobjekte in Web-Grafiken konvertieren und diese dann als Standard-HTML-Dateien mit CSS ausgeben kann , die sich direkt in Dreamweaver öffnen lassen ."
"QuarkXPress 8 kann PDF-Dateien bis zu PDF-Version 1.7 importieren . Die Standard-PDF-Version , die die Anwendungen der Creative Suite mit der Einstellung Druckqualität ( Press ) erzeugen , ist PDF 1.4 ."
"&quot; Wenn man die verschiedenen Produktivitätsgewinne einmal zusammenaddiert , dann wird klar , dass diese im Laufe eines Jahres mehrere Tausend US-Dollar an Kapitalrendite ( ROI ) repräsentieren ."
"© 2009 Quark Inc. und Quark Media House Sàrl , Switzerland ."
"Die besonderen Freiheiten der Schiedsgerichtsbarkeit ermöglichen es , die Zusammensetzung des Gerichts sowie den Ablauf des Verfahrens weitgehend frei zu vereinbaren . Besondere Sachkunde der Schiedsrichter , hohe Vertraulichkeit , Schnelligkeit und die Vermeidung eines Instanzenzugs machen die Schiedsgerichtsbarkeit insbesondere für Unternehmen interessant ."
"Bei der Mediation handelt es sich um ein Verfahren der außergerichtlichen Streitbeilegung , bei dem der Mediator versucht , im Gespräch mit den Beteiligten eine einvernehmliche Lösung herbeizuführen ."
"Das Gesellschaftsrecht regelt die Handelsgesellschaften sowie zahlreiche damit zusammenhängende Bereiche , etwa das Bilanzrecht . Man unterscheidet zwischen den Personengesellschaften ( zum Beispiel der offenen Handelsgesellschaft oder Kommanditgesellschaft ) sowie den Kapitalgesellschaften ( zum Beispiel der Gesellschaft mit beschränkter Haftung oder der Aktiengesellschaft ) ."
Als Mitglied der Europäischen Union erfährt Ungarn weiter wirtschaftliches Wachstum .
Viele Botschaften und multinationale Unternehmen bringen viele Ausländer und ihre Familien in die Stadt und wecken den Bedarf an privaten und internationalen Schulen .
"Die im Jahre 1990 gegründete Kanzlei Haidegger &amp; Partner bietet eine alle Rechtsgebiete umfassende , auf den individuellen Bedarf zugeschnittene Rechtsberatung ."
"Budapest ist nicht nur das politische , wirtschaftliche , industrielle und verkehrstechnische Herz Ungarns , sondern rühmt sich auch weltweit bekannter Sehenswürdigkeiten , Denkmäler und Bäder ."
"Diese Statistik basiert auf den teilnehmenden E-Commerceseiten 6819 ( E-Shops , Distributoren , Vergleichsseiten , E-Commerce ASPs , Einkaufssysteme etc ) , welche dieses ICEcat Datenblatt täglich seit dem 21. März 2009 herunterladen . 19 Okt 2007 ."
Nur Sponsormarken sind in der kostenfreien Open ICEcat Content Verteilung vertreten 6328 und werden von Open ICEcat Nutzern genutzt ..
Das Acer Projektorzubehör kann die Nutzbarkeit und die Mobilität Ihres Acer X1160 / X1260 Projektors optimieren und erweitern .
"Diese Statistik basiert auf den teilnehmenden E-Commerceseiten 6820 ( E-Shops , Distributoren , Vergleichsseiten , E-Commerce ASPs , Einkaufssysteme etc ) , welche dieses ICEcat Datenblatt täglich seit dem 21. März 2009 herunterladen . 07 Sep 2005 ."
Nur Sponsormarken sind in der kostenfreien Open ICEcat Content Verteilung vertreten 6329 und werden von Open ICEcat Nutzern genutzt ..
"Diese Statistik basiert auf den teilnehmenden E-Commerceseiten 6819 ( E-Shops , Distributoren , Vergleichsseiten , E-Commerce ASPs , Einkaufssysteme etc ) , welche dieses ICEcat Datenblatt täglich seit dem 21. März 2009 herunterladen . 08 Jun 2006 ."
"Diese Statistik basiert auf den teilnehmenden E-Commerceseiten 6819 ( E-Shops , Distributoren , Vergleichsseiten , E-Commerce ASPs , Einkaufssysteme etc ) , welche dieses ICEcat Datenblatt täglich seit dem 21. März 2009 herunterladen . 14 Sep 2007 ."
"AKVIS Sketch wandelt Fotos in Zeichnungen und Aquarellbilder um . Überraschen Sie Ihre Freunden mit realistischen S / W und farbigen Zeichnungen , die die Technik der Bleistift- , Kohle - , und Aquarellzeichnung nachahmen ."
AKVIS ArtWork imitiert verschiedene Maltechniken . Diese Version bietet zwei Stilmöglichkeiten an - Ölgemälde und Comics .
AKVIS Chameleon ist ein wunderbarer Plugin für Erstellung von Fotocollagen mit automatischer Adaptierung der eingesetzten Objekte in Bezug auf die Farbe des Hintergrundes sowie deren Kantenglättung . Der Plugin erfordert nicht die exakte Auswahl der Objekte .
Enhancer erlaubt Details von unterbelichteten und überbelichteten Teilen eines Fotos zu zeigen .
Es ist als unabhängiges Programm und als Plugin vorhanden . Die Standalone-Version unterstützt das Generieren von HDRI-Bildern ( Bild mit hohem Dynamikumfang ) .
"AKVIS SmartMask ist ein Selection-Tool , das die Auswahl schwieriger Objekte innerhalb weniger Sekunden erlaubt , ohne sie genau zu markieren . Nie war die Auswahl so einfach !"
Das Programm ändert die Farben eines Fotos : von der Einfärbung S / W-Fotos bis hin zur Farbenänderung auf Ihren Farbfotos . Kein Hantieren mit Ebenen - malen Sie einfach ein paar Striche mit den gewünschten Farben und das Programm erledigt den Rest .
"AKVIS Noise Buster verringert Rauschen auf digitalen Bildern . Das digitale Rauschen kann als zahlreiche helle , dunkle oder farbige Bildpunkte auf einfarbigen Flächen auftreten ."
AKVIS ArtSuite versieht Digitalfotos mit schönen Bilderrahmen . Ein richtig ausgewählter Bilderrahmen ergänzt Ihr Bild und bringt es zur besonderen Geltung .
"Das Programm stellt eine große Auswahl unterschiedlichster Rahmen bereit . Außerdem erlaubt es , eigene Bilder für die Erstellung des originellen Rahmens zu benutzen ."
"AKVIS Magnifier erlaubt es , Fotos zu vergrößern , ohne dass das Bild an Schärfe verliert . Wenn Sie kleine Bilder haben , die Sie gerne in einer besseren Auflösung hätten , um diese zu drucken , ist das ein Werkzeug für Sie !"
AKVIS Retoucher ist eine effektive Fotorestaurierungssoftware für Kratzer- und Staubbeseitigung .
"Der Retoucher hilft nicht nur Kratzer , Risse , Schmutz und sonstige Beschädigungen zu beseitigen , sondern auch fehlenden Teile des Fotos zu rekonstruieren , indem die angrenzenden Bereiche zur Wiederherstellung herangezogen werden ."
ArtSuite versieht Digitalfotos mit schönen Bilderrahmen und bietet eine Reihe unterschiedlicher Effekte an .
Version 5.0 hat eine neue Oberfläche und verbessert die Kompatibilität auf Macintosh .
Die Standalone-Version präsentiert neue schönen Handgemalten Rahmen .
Der Noise Buster ist ein wirklich gutes Programm .
Es eignet sich auch hervorragend für gescannte Bilder .
"Da bei einem guten Scan dann doch schon die Filmstruktur zu sehen ist , kann Noise Buster diese auch entfernen ."
"Gutes Design gibt es nie genug , zuviel Design allemal ."
"Diese Erkenntnis stand Pate , als die Messe Frankfurt gemeinsam mit dem Rat für Formgebung und dem Deutschen Industrie- und Handelskammertag ( DIHK ) im Jahr 1983 den Wettbewerb Design Plus ins Leben gerufen hat ."
"Die Auszeichnug Design Plus , die eine renommierte Jury im Rahmen der internationalen Frankfurter Konsumgütermesse Ambiente verleiht , steht für Produktgestaltung , die nicht zum Selbstzweck verkümmert , sondern rundherum vorbildlich und wegweisend ist ."
"Ferienwohnungen &#124; Hotels &#124; Pension &#124; Camping , Dormis &amp; Bungalows &#124; Last Minute Angebote ! !"
Die Parrilla ist wie der Mate Tee eine argentinische Institution mit einer deutlich sozialen Funktion .
"Viele argentinische Familien besitzen im Hinterhof ihren eigenen Grill ( parrilla ) , wo sie sich am Wochenende mit Verwandten und Bekannten treffen und Grillfleisch ( asado ) zubereiten ."
Das Rindfleisch wird nach anderen Richtlinien geschnitten als in Europa .
"Gänzlich irreführend ist die Bezeichnung &quot; Baby bife &quot; für ein ca. 500 g schweres Steak , das eigentlich eine ganze Familie ernähren könnte ."
"Das &quot; bife de chorizo &quot; ist ein riesiges Rumpsteak , das &quot; bife de lomo &quot; ein Filet ."
"&quot; Asado de tira &quot; bezeichnet ein Rippenstück , das &quot; bife de costilla &quot; ist ein T-bone Steak ( eine Art grosses Kotelett ) , das &quot; matambre &quot; ein sehr dünn geschnittenes Stück , reich an Fett , das auf der Zunge zergeht usw."
Wie in Europa kann man das Fleisch ganz durch oder blutig bestellten .
"Die zugehörige Fleischsauce heisst &quot; chimichurri &quot; , doch lässt sich das Fleisch aufgrund seines erstklassigen Geschmacks durchaus auch ohne Sosse essen ."
"Zu einer vollumfänglichen &quot; parrillada &quot; ( Grillplatte ) gehört so ziemlich alles , was in einem Tier drin ist . Normalerweise gehören nämlich auch andere Fleischsorten dazu ."
Üblich ist insbesondere das &quot; chorizo &quot; ( Bratwurst ) oder die &quot; morcilla &quot; ( Blutwurst ) .
"Begleitet werden die Fleischberge mit verschiedenen Gemüsen ( z.B. Süsskartoffeln , Kürbispüree ) oder Pommes frites ( papas fritas ) und einem gemischten Salat ."
"Es liegt auf der Hand , dass man in einem Restaurant ganz nach Lust und Laune nur einzelne Happen bestellen kann ."
"In Argentinien kann man je nach Saison und Region aber auch sehr gutes Hirschfleisch , Lamm- und Schaffleisch , Ziegenfleisch , Fisch und Meerersfrüchte essen ."
Besondere Delikatessen sind die Königskrabbe ( centolla ) auf Feuerland und das Wildschwein ( jabalí ) oder die Bachforellen in Bariloche .
"Spezielle Gerichte im Nordwesten des Landes , die teilweise auf präkolumbianische Zeiten zurückreichen , sind der &quot; pastel de choclo &quot; oder die &quot; humita &quot; ."
"Landestypischer sind wiederum &quot; pollo &quot; ( Pouletfleisch ) in seinen unterschiedlichsten Variationen , &quot; milanesa &quot; ( Wiener Schnitzel ) , &quot; empanadas &quot; ( mit gehacktem Rindfleisch , Pouletfleisch , Mais oder Käse und Schinken usw. gefüllte Teigtaschen ) , oder &quot; choripan &quot; ( eine argentinische Variante der Hot Dogs ) ."
"Eine Menge italienische Restaurants , die Pasta und Pizza servieren , bezeugen das gastronomische Erbe von seiten der Italiener ."
Neben erfrischenden Fruchtsaläten und erstklassigen Speiseeissorten gibt es eine weitere Unmenge an Desserts .
"Zwei argentinische Besonderheiten sind der feine &quot; dulce de leche &quot; , eine caramelartige Milchkonfitüre , die u.a. als Brotaufstrich oder Pfannkuchenfüllung dienen kann , sowie die &quot; alfajores &quot; ( kleine tortenförmige Kekse mit unterschiedlichen Füllungen ) ."
"Bauernhaus bei Bilbao , aus dem 18. Jahrhundert , komplett ..."
Diese schöne ferienwohnung befindet sich in Chiclana de la ...
"Studiowohnung in Benalmadena , in erster Strandreihe vom ..."
Ferienwohnungen 1 Zi . / Studios &#124; Ferienwohnungen 2 Zimmer &#124; Ferienwohnungen 3 oder mehr Zimmer &#124; Ferienhäuser &#124; Hotel &#124; Hostel &#124; Last Minute Angebote ! !
Barcelona liegt im Nordosten der iberischen Halbinsel mitten im Zentrum von Katalonien am Mittelmeer .
"Von daher gibt es eine Vielzahl an Möglichkeiten , wie man diese bekannte Metropole erreichen kann ."
Natürlich kann man auch mit dem Zug oder dem Autozug anreisen .
"Barcelona hat einen gut ausgebauten Bahnhof , der von vielen europäischen Metropolen angefahren wird ."
Innerhalb Spaniens ist nach wie vor der Bus das beliebteste und beste öffentliche Verkehrsmittel für mittlere und lange Strecken . Von daher gibt es auch in der Großstadt Barcelona einen Busbahnhof !
"Schließlich muss natürlich auch der Hafen von Barcelona erwähnt werden , von wo aus man aus einer Vielzahl von europäischen Städten aus anreisen bzw. weiterreisen kann : Palma de Mallorca , Menorca / Mahon , Ibiza , Genua in Italien oder Korsika sind nur einige der Ziele , die per Schiff angesteuert werden ."
Auskünfte über den Verkehrsfluss und Staus in Barcelona erteilt die städtische Behörde telefonisch .
Der Flughafen von Barcelona liegt im Süden der Stadt . Die Innenstadt erreicht man bequem im Taxi oder aber günstig mit öffentlichen Verkehrsmitteln per Bus .
Sehr schönes Ferienhaus in der Sierra de Grazalema am ...
"In Marbellas bester Gegend gelegen , nur 100m vom Strand ..."
Bookmark Manager ( Abkürzung BKM ) ist ein Open Source Programm zur Verwaltung von Bookmarks .
"Diese Webseite bietet Neuigkeiten , aktuelle Versionen und andere Informationen zu diesem Programm ."
BKM besteht aus zwei Projekten : vbBKM und pyBKM .
"vbBKM ist ein Programm , das in Visual Basic entwickelt wird und unter Microsoft Windows läuft ."
pyBKM wird mit Python entwickelt und läuft auf verschiedenen Plattformen .
vbBKM ist ein stabilies Produkt mit sehr vielen Funktionen .
Aber pyBKM ist noch in einem sehr frühen Stadium und noch nicht für die generelle Verwendung bereit .
Auf den beiden Projektseiten ( vbBKM und pyBKM ) gibt es mehr Details .
Ferienhäuser und Ferienvillen &#124; Hotels &#124; Bed &amp; Breakfast &#124; Pensionen &#124; Camping &#124; Urlaub &#124; Last Minute Angebote ! !
Grosse Ferienwohnungen Nerja mit kompletter Ausstattung für ...
Ferienwohnung nahe am Strand von Tarifa . Sehr komfortabel ...
"Grosse , helle Ferienwohnung in Conil Spanien , ganz neu und ..."
Diese schöne Ferienwohnung befindet ganz in Stadtnähe von ...
Ferienwohnung Tarifa in einer privaten Wohnanlage mit Pool ...
"Ferienwohnungen &#124; Ferienhäuser / Landhäuser &#124; Pensionen / Hostales &#124; Charter , Schiff zu vermieten &#124; Hotels &#124; Last Minute Angebote ! !"
Cadiz ist eine faszinierende Stadt und die älteste in Europa .
Nimm im Winter am Nachtleben in der Altstadt und im Sommer an der Strandpromenade und dem Strand ...
"Sie finden hier in Cadiz alle möglichen Unterkünfte , jedoch empfiehlt es sich die Reservierung ..."
Die Küste der Provinz ist für eine Yacht oder Boot Charter in Cadiz ideal .
Cadiz ist die bedeutendste Stadt der gleichnamigen Provinz in Andalusien und wird oft als ...
Angebote für Stellen und Jobs in Cadiz und Provinz Cadiz .
"Restaurants in Cadiz gibt es sehr viele , denn in der Stadt , die so liebevoll als Silbertässchen ..."
Cadiz ist eine faszinierende Stadt und die älteste in Europa .
"Sie ist fast komplett vom Wasser umgeben und dieses macht es , daß es den Anschein hat , als ob die Welt um sie herum , sie umgibt ."
"Die Stadt Cadiz ist etwa 3000 Jahre alt , &quot; Sirene des Ozeans &quot; oder von den Andalusiern liebevoll &quot; tacita de plata &quot; ( Silbertässchen ) genannt liegt das antike Gadir auf einer Felsen ( halb ) insel ."
"Im laufe der Jahrhunderte liesen sich hier Phönizier , Römer und Cartager nieder ."
"mit dem Namen Gades , später folgten die Cartager und Römer und machten einen Handelshafen daraus ."
1812 Wiege der ersten Verfassung Spaniens .
"Faszinierend ist auch die Altstadt mit ihren historischen Gebäuden und Denkmälern die so manche kleine , verwinkelte Gasse säumen die oftmals an wunderschönen Plätzen / Plazas enden ."
Das Meer bestimmt nach wie vor das Leben der 145.000 Einwohner zählenden Provinzhauptstadt .
Vom Hafen hier fahren täglich Schiffe nach Afrika und zu den Kanarischen Inseln ; es wird Fischerei und Salzindustrie betrieben und auch der Tourismus ist bedeutungsvoll geworden .
"Neben dem Karneval hat auch der Flamenco eine lange Tradition und zieht immer mehr den spanischen und internationalen Tourismus an , denn die Landschaft ist sehr abwechslungsreich und das Klima sehr mild ."
"Cadiz liegt am Atlantischen Ozean in Andalusien an der Costa de la Luz , die Stadt ist eine Kombination von Architektur , Geschichte , und Landschaft ."
"Wem dies zu wenig ist ... wären da noch , die einzigartigen Strände und die lebensfrohen , herzlichen Einheimischen die es einem leicht machen einen netten , erholsamen Aufenthalt hier zu vollbringen ."
"Ferienwohnungen Cadiz an der Strandpromnade , erste Strandlinie . Die Ferienwohnung hat drei Schlafzimmer , zwei komplette Badezimmer , Wohnzimmer mit Fernseher und DVD ."
Diese schöne neu renovierte Ferienwohnung in Cádiz ist für 4 Personen gedacht .
Sie liegt zentral in der Altstadt von Cadiz zwischen dem Palillero und dem Candelaria Platz .
Diese schöne Ferienwohnung befindet sich in Cádiz in der Altstadt von Cádiz .
Sie ist komplett renoviert und verfügt über Klimaanlage .
"Im neuen Teil von Cadiz , in der Gegend des Krankenhaus ."
Das Appartment liegt in einer zweiten Etage .
Dieses 2-Sterne Hotel liegt in einer ruhigen Lage zwischen der Einfahrt und der Altstadt von Cadiz .
"Das Hotel Regio liegt an einem der wichtigsten Boulevards der Stadt , nur etwa 100 m vom wunderschönen Strand Playa de la Victoria entfernt ."
Das Senator Cádiz Spa Hotel wurde erst kürzlich eröffnet und befindet sich hier im historischen Stadtzentrum von Cadiz auch in der Nähe der größten Einkaufszentren .
Das Hotel befindet sich mitten im Herzen der 1000 Jahre alten Stadt Cadiz und liegt nur wenige Minuten vom Strand Santa Maria del Mar entfernt .
Das Hotel empfängt Sie in einem traditionellen Gebäude aus dem 19. Jahrhundert im historischen Zentrum der Stadt . Erleben Sie eine erfrischende Kombination aus Tradition und Moderne .
Dieses Hostal befindet sich in Vejer de la Frontera direkt in der Altstadt in ruhiger Lage .
Das Hostal verfügt über 15 Doppelzimmer und 4 Dreibettzimmer .
Dieses Hostal liegt in der Altstadt von Rota .
"Eine ideale Lage um das Zentrum , die Küste und den Strand zu geniessen . Die Pension hat verschiedene Zimmer im Angebot , alle mit typischem Rota-Decor ."
Dieses schöne Landhaus befindet sich in Alcala de los Gazuele in der Sierra von Cádiz .
"Das Ferienhaus verfügt über 2 Schlafzimmer , Badezimmer , WC , Wohn-Essraum ."
"Ferienhaus auf dem Land in Tarifa zu vermieten . Es verfügt über 2 Schlafzimmer , eins mit Ehebett und eins mit Einzelbett ."
"Dieses Reihenhaus befindet sich in Algeciras an der Costa de la Luz und verfügt über 4 Schlafzimmer , 2 Badezimmer , grosse Küche , Veranda und Terrasse ."
"Ferienhaus in Caños de Meca in Cadiz zu vermieten . Das Ferienhaus ist komplett ausgestattet , hat einen Innenhof und ist für 2-3 Personen geeignet ."
Ferienwohnung Sierra Nevada nahe an den Liften ideal zum ...
Ferienappartment mit 3 Schlafzimmern für 6 Personen .
Diese Mietwohnung in El Puerto de Santa Maria befindet sich ...
Ferienwohnungen &#124; Fincas &#124; Hotels &#124; Pension und Hostal &#124; Ferienhäuser &#124; Aparthotels &#124; Boot mieten &#124; Last Minute Angebote ! !
Im Nordosten der Insel Mallorca gibt es 4 Golfplätze von Weltniveau .
"Die Golfplätze heißen Canyamel , Capdepera , Pula Golf und Son Severa ."
"Es gibt auf der Insel die Organisation &quot; Golf Connection &quot; , die alles rund ums Golfspielen organisiert : Transport , Material , Reservierungen etc."
Ruhige Ferienwohnung in Cala Ratjada für Ihren Mallorca ...
Ferienwohnung in Cala Ratjada in einer ruhigen Gegend zu ...
"Schöne 2 Zimmer Ferienwohnung , 90m2 , in Cala Ratjada auf ..."
"Cala Ratjada ( Cala Rajada ) , ein lebendiger Küstenort , liegt auf einer kleinen Felsenhalbinsel an ..."
Unterkunft in Cala Ratjada für ihren Mallorca Urlaub gibt es in großer Auswahl .
In Cala Ratjada und Umgebung gibt es zahlreiche Sehenswürdigkeiten und ein großes Angebot an ...
Der Stadtstrand von Cala Ratjada ist der Strand Son Moll .
Das Angebot an Sport in Cala Ratjada reicht von Radfahren und Reiten über Tauchen bis hin zu Golf .
Essen und trinken hält bekanntlich Leib und Seele zusammen .
Disco-Gänger kommen in Cala Ratjada garantiert auf ihre Kosten !
Mieten Sie ein Boot oder eine Yacht und verbringen Sie einen herrlichen Urlaub in Cala Ratjada ...
Hier finden Sie nützliche Informationen rund um Cala Ratjada : Wie ist das Wetter zur Zeit ?
"Die einfachste Möglichkeit , sich einen Überblick von Cala Ratjada zu verschaffen ist das ..."
"Wenn Cala Ratjada aus der Winterruhe zum Leben erwacht , öffnet jedes Jahr eine Vielzahl von ..."
"Das Nachtleben von Cala Ratjada ist sehr lebendig und aktiv . Es gibt viele Bars , Clubs und Diskotheken , die bis in die Morgenstunden geöffnet sind ."
Die beiden bekanntesten Diskotheken von Cala Ratjada sind das Physical und der Club Bolero .
"Beide bieten Shows , Fiestas und jede Menge Musik ..."
Ich habe die allgemeinen Reservierungsbedingungen zur Kenntnis genommen .
"Kompletter Führer über 3252 Campingplätze in Frankreich mit Einstufung , Leistungen , Örtlichkeiten , Unterkünften und Lage jedes Campingplatzes ."
"Unser Mehrfachkriterien-Suchassistent ermöglicht Ihnen , Ihre Suche durch Beantwortung einfacher Fragen durchzuführen ."
"Im Grunde ist es eine Frage des Vertrauens : Vertrauen in Institutionen , in Gegenparteien , in den Markt und , nicht zuletzt , in Information ."
Bei der Anlagestrategie des Credit Suisse Fund ( Lux ) Global Responsible Equities steht das angemessene Kapitalwachstum unter Einbeziehung von Umwelt- sowie Sozialverträglichkeitsaspekten im Vordergrund .
Copyright © 1997 - 2009 CREDIT SUISSE GROUP und / oder mit ihr verbundene Unternehmen .
"Die Funktion file ( ) ist identisch mit readfile ( ) , außer dass die eingelesene Datei als Array zurückgegeben wird . Jedes Feld des Arrays korrespondiert mit einer Zeile der Datei ."
"Hinweis : Jede Zeile in dem resultierenden Array enthält das Zeilenende , weshalb Sie trim ( ) verwenden müssen , falls der Zeilenumbruch nicht vorhanden sein soll ."
"Hinweis : Wenn Sie Probleme damit haben , dass PHP Zeilenendezeichen nicht erkennt , entweder beim Lesen von Dateien auf einem Macintosh oder bei Dateien , die auf einem Macintosh erstellt wurden , können Sie die Option auto ##UNDERSCORE## detect ##UNDERSCORE## line ##UNDERSCORE## endings aktivieren ."
/ / Liest eine Datei in ein Array .
/ / Ein anderes Beispiel : Einlesen einer Webseite in einen String .
"Mit dieser Funktion können Sie eine URL als Dateinamen verwenden , falls Sie fopen wrappers ermöglicht haben ."
"Mehr Details dazu , wie Sie den Dateinamen angeben müssen finden Sie bei fopen ( ) ."
Eine Liste der unterstützten URL Protokolle finden Sie unter List of Supported Protocols / Wrappers .
Mit UpdateStar bleibt die PC-Software auf dem neuesten Stand .
Der PC ist damit geschützt vor Sicherheitslücken durch veraltete Software .
UpdateStar Free bietet nur einen Basisschutz gegen veraltete Software mit wenigen Features .
"UpdateStar Premium liefert Ihnen die 20-fache Anzahl an Updates inklusive sicherer Downloads , Sicherheitshinweise und vieles mehr für Ihre Software ."
Jetzt risikolos die Premium Edition testen dank 30 Tage Geld-zurück-Garantie . Unternehmen erwerben UpdateStar mit günstigen Volumenlizenzen .
Software-Pakete mit führenden Softwareprodukten finden Sie auf unserer Webseite für Promotionen .
"UpdateStar Free liefert verfügbare Updates für Haupversionen Ihrer Programme und bietet einen Basisschutz gegen veraltete Software mit wenigen Features , keinem Support und nur für private und nicht-kommerzielle Nutzung ."
UpdateStar Premium liefert zusätzlich die 20-fache Anzahl an Updates und Upgrades .
"Premium bietet Features wie eine komplette Softwareverwaltung , Sicherheitslevel , kleine und große Updates , Exporte für Backup des eigenen Software-Setups , einen flexiblen Zeitplaner und mehr ."
"Jetzt risikolos testen für nur € 24,90 dank Kundenzufriedenheitsgarantie ."
Sparen Sie sich die manuelle Suche nach Updates für Ihre Software !
UpdateStar Premium gibt es auch im günstigen Bundle mit führenden Softwareprodukten .
Mehr Informationen gibt es auf unserer Webseite für Promotionen .
Unsere Onlineshop-Transaktionen werden von unserem Partner cleverbridge abgewickelt .
"Unser Onlineshop bietet eine Vielzahl an Bezahloptionen wie Zahlungen mit Kreditkarte , Scheck , Überweisung und PayPal ."
Alle Daten und Transaktionen werden verschlüsselt übertragen und sicher gespeichert .
Beachten Sie bei einem Erwerb von UpdateStar Premium auch unsere Promotionen Webseite .
Sofort nach erfolgter Bestellung Ihrer Premium Testlizenz oder Ihrer Vollversion und deren Bezahlung erhalten Sie von uns per E-mail einen persönlichen Lizenzschlüssel . Die E-mail enthält auch Hinweise zur Freischaltung der Premium Edition .
"Falls Sie Probleme mit der Bestellung haben , wenden Sie sich gerne an unseren Onlineshop Kundensupport ."
"Es wurde getestet für Windows 2000 , Windows XP und Windows Vista ."
"Doppelklicken Sie einfach die herunter geladene Datei , um UpdateStar zu installieren ."
UpdateStar Free und UpdateStar Premium werden zusammen installiert .
"UpdateStar unterstützt als Sprachen Englisch , Deutsch , Französisch , Italienisch , Ungarisch , Russisch und viele mehr ."
Wählen Sie die gewünschte Spracheneinstellung in den Einstellungen von UpdateStar aus .
"Sie können Ihre Upgradelizenz ( 1-Jahreslizenz ) für die Premium Edition für € 14,90 direkt in unserem Onlineshop bestellen . Oder wählen Sie Ihr Lieblingsbundle aus auf unserer Webseite mit Promotionen ."
"Wenn Sie ein Update für UpdateStar installieren möchten , dann installieren Sie einfach die heruntergeladene Version . Die Lizenzinformationen bleiben erhalten und Premium-Funktionen bleiben aktiviert ."
"Wenn UpdateStar zuvor deinstalliert haben , muss der Lizenzschlüssel erneut eingegeben werden ."
Ferienwohnungen &#124; Ferienhäuser &#124; Aparthotels &#124; Hotels &#124; Last Minute Angebote ! !
Ferienhaus für 6 Personen in der Gegend von El Colorado . ...
Ferienwohnung in Chiclana de la Frontera an der spanischen ...
Apartment in Islantilla in erster Strandlinie Wohnsiedlung ...
Ferienwohnungen Islantilla Golf direkt am Golfplatz in der ...
Namensnennung . Sie müssen den Namen des Autors / Rechteinhabers in der von ihm festgelegten Weise nennen .
"Die zuvor angezeigte Webseite enthielt eingebettete Meta-Daten , unter anderem auch zur Frage , wie die Namensnennung des Lizenzgebers genau erfolgen soll ."
"Sie können daher das hier angezeigte HTML benutzen , um den lizenzierten Inhalt zu zitieren ."
"Dadurch werden auch auf Ihrer Webseite Meta-Daten eingebettet , durch die das Auffinden des verwendeten Inhalts erleichtert wird ."
Keine kommerzielle Nutzung . Dieses Werk darf nicht für kommerzielle Zwecke verwendet werden .
"Im Falle einer Verbreitung müssen Sie anderen die Lizenzbedingungen , unter welche dieses Werk fällt , mitteilen . Am Einfachsten ist es , einen Link auf diese Seite einzubinden ."
"Sie ist lediglich ein Referenztext , der den zugrundeliegenden Lizenzvertrag übersichtlich und in allgemeinverständlicher Sprache wiedergibt . Die Deed selbst entfaltet keine juristische Wirkung und erscheint im eigentlichen Lizenzvertrag nicht ."
Die gesetzlichen Schranken des Urheberrechts bleiben hiervon unberührt .
Use this license for your own work .
Namensnennung — Sie müssen den Namen des Autors / Rechteinhabers in der von ihm festgelegten Weise nennen .
"Die Seite , von der aus Sie hierher gelangt sind , enthielt eingebettete Metadaten zur Lizenz , unter anderem auch zur Art und Weise wie der Rechteinhaber bei Weiterverwendung bezeichnet werden möchte ."
Das hier gezeigte HTML können Sie zur Zitierung des lizenzierten Inhalts verwenden .
"Dadurch werden auch in Ihre Seite Metadaten eingefügt , durch die andere auch die Originalquelle finden können ."
"Weitergabe unter gleichen Bedingungen — Wenn Sie das lizenzierte Werk bzw. den lizenzierten Inhalt bearbeiten , abwandeln oder in anderer Weise erkennbar als Grundlage für eigenes Schaffen verwenden , dürfen Sie die daraufhin neu entstandenen Werke bzw. Inhalte nur unter Verwendung von Lizenzbedingungen weitergeben , die mit denen dieses Lizenzvertrages identisch , vergleichbar oder kompatibel sind ."
"Verzichtserklärung — Jede der vorgenannten Bedingungen kann aufgehoben werden , sofern Sie die Einwilligung des Rechteinhabers dazu erhalten ."
"Rechte anderer Personen , entweder am Lizenzgegenstand selber oder bezüglich seiner Verwendung , zum Beispiel Persönlichkeitsrechte abgebildteter Personen ."
"Hinweis — Im Falle einer Verbreitung müssen Sie anderen alle Lizenzbedingungen mitteilen , die für dieses Werk gelten ."
"Am einfachsten ist es , an entsprechender Stelle einen Link auf diese Seite einzubinden ."
"CC-Lizenzen sind auch für den Fall vorbereitet , dass ein Lizenzgeber den Nutzern die zwingende Einhaltung einer bestimmten Bedingungen , zum Beispiel der Namensnennung , erlassen möchte ."
"In allen Rechtsordnungen darf urheberrechtlich geschütztes Material in beschränktem Umfang auch ohne Erlaubnis des Urhebers oder sonstigen Rechteinhabers verwendet werden , das Urheberrecht unterliegt also gewissen &quot; Schranken &quot; ."
"Unabhängig davon , ob dieses Grundprinzip im jeweiligen Land &quot; Schranken &quot; , &quot; Fair Use &quot; , &quot; Fair Dealing &quot; oder anders genannt wird , verringern CC-Lizenzen die daraus resultierenden Nutzungsmöglichkeiten in keiner Weise , sondern erzeugen ausschließlich weitere , darüber hinausgehende Nutzungsfreiheiten ."
"Mit Ausnahme der USA , wo Urheberpersönlichkeitsrechte nur in sehr geringem Umfang anerkannt sind , haben Urheber unter den meisten Rechtsordnungen bestimmte Sonderrechte , die mit der engen Beziehung ihrer Persönlichkeit zu ihrem Werk zu tun haben . Das sind zum Beispiel Rechte wie das der Namensnennung oder Nicht-Nennung , das auf Schutz gegen entstellende Veränderungen des Werkes oder auch das auf Rückruf des Werkes wegen gewandelter Überzeugung ."
"Persönlichkeitsrechte sind die Rechte , die jede Person an der eigenen Stimme , Abbildung oder anderen mit der Persönlichkeit eng verbundenen Inhalten hat , sofern sie in einem Werk festgehalten sind ."
"Wenn ein unter CC-Lizenz stehendes Werk die Stimme oder Abbildung von jemandem enthält , der nicht zugleich der Lizenzgeber ist , so müssen Nutzer unter Umständen zuerst die Erlaubnis dieser anderen Personen einholen bevor sie das Werk kommerziell oder anderweitig öffentlich nutzen ."
"Sie ist lediglich ein Referenztext , der den zugrundeliegenden Lizenzvertrag übersichtlich und in allgemeinverständlicher Sprache aber auch stark vereinfacht wiedergibt ."
Die Deed selbst entfaltet keine juristische Wirkung und erscheint im eigentlichen Lizenzvertrag nicht .
Creative Commons ist keine Rechtsanwaltsgesellschaft und leistet keine Rechtsberatung .
Die Weitergabe und Verlinkung des Commons Deeds führt zu keinem Mandatsverhältnis .
Diese &quot; Commons Deed &quot; ist lediglich eine vereinfachte Zusammenfassung des rechtsverbindlichen Lizenzvertrages in allgemeinverständlicher Sprache .
Verwenden Sie diese Lizenz doch auch für Ihre eigenen Werke bzw. Inhalte .
Eine neuere Version dieses Lizenzvertrages ist verfügbar .
"Für neue Werke sollte diese aktuelle Version benutzt werden . Zu erwägen wäre auch , alte Werke unter der aktuellen Version erneut zu lizenzieren ."
Eine automatische Neulizenzierung findet jedoch nicht statt .
"Wir stellen Ihnen Brian Stevens vor , Lead Environment Artist für DC Universe ? Online !"
Alle anderen Elemente © 2009 DC Comics .
SOE und das SOE Logo sind eingetragene Handelsmarken von Sony Online Entertainment GmbH .
"PlayStation ? , ? PLAYSTATION ? und das ? PS ? Familienlogo sind eingetragene Handelsmarken von Sony Online Entertainment Inc . Alle anderen Handelsmarken sind Eigentum ihrer jeweiligen Besitzer ."
Die Kennzeichnungen sind eine registrierte Handelsmarke der Unterhaltungssoftware Selbstkontrolle .
DC UNIVERSE und alle damit im Zusammenhang stehenden Charaktere und Elemente sind Handelsmarken von und © DC Comics .
"Und Emotionen sind , das wissen wir alle , gut fürs Geschäft ."
In dieser Rubrik finden Sie Informationen zu unseren Produkten und den Lizenzbedingungen .
Bitte wählen Sie links die Produkte aus .
Dieses Kapitel beinhaltet allgemeine Fragen zu PHP : Was es ist und was es tut .
Kann ich mehrere verschiedene PHP-Versionen zur selben Zeit laufen lassen ?
Was sind die Unterschiede zwischen PHP 3 und PHP 4 ?
Was sind die unterschiede zwischen PHP 4 und PHP 5 ?
"Ich glaube , ich habe einen Bug gefunden !"
"PHP läßt sich in HTML einbinden . Seine Syntax erinnert an C , Java und Perl und es ist einfach zu erlernen ."
"Das Hauptziel dieser Sprache ist es , Webentwicklern die Möglichkeit zu geben , schnell dynamisch generierte Webseiten zu erzeugen ."
"Das verwirrt einige Menschen , da das erste Wort der Abkürzung die Abkürzung ist ."
Dieser Typ von Abkürzung wird rekursive Abkürzung genannt .
"Wer sich weiter für das Thema der rekursiven Abkürzungen interessiert , findet im » Free On-Line Dictionary of Computing oder der » Wikipedia . weitere Informationen dazu ."
PHP / FI 2.0 ist eine frühe und nicht mehr unterstützte Version von PHP .
PHP 3 ist der Nachfolger von PHP / FI 2.0 und wesentlich besser .
"PHP 5 ist die aktuelle Generation von PHP , die die » Zend Engine 2 als Sprachkern , die neben weiteren Verbesserungen eine deutlich verbesserte Objektorientierung bietet ."
Weitere Informationen dazu gibt es im » What &apos; s new in PHP 4 overview .
"Auch wenn PHP 5 derart gestaltet wurde , daß es so kompatibel wie möglich mit vorherigen Versionen ist , gibt es einige bedeutende Veränderungen ."
Detaillierte Informationen finden sich in der Migrationsanleitung von PHP 4 nach PHP 5 und im Kapitel über rückwärtsinkompatible Veränderungen .
"Sie sollten die PHP Bug-Datenbank aufrufen und herausfinden , ob es sich bei dem Bug um einen bereits bekannten Bug handelt ."
"Ist der Bug noch nicht bekannt , können Sie diesen über das Reportformular posten ."
"Wenn Sie das Reportformular verwenden , bekommt ihr Bug automatisch eine Nummer zugewiesen , so das Sie später wiederkehren und Anhand der Nummer herausfinden können , ob der Bug gefixed wurde ."
-Tags verwendet werden . Ausserdem wird der entsprechende HTTP Content-Type zurückgegeben .
Hinweis : Beachten Sie daß JPC und JP2 aus Komponenten mit verschiedener Farbtiefe bestehen können .
In diesem Fall entspricht der Wert für &quot; bits &quot; dem höchsten gefundenen Wert .
Des weiteren können JP2-Dateien mehrere JPEG 2000 Codestreams enthalten .
In diesem Fall wird getimagesize ( ) Werte entsprechend des ersten gefundenen Codestreams zurückgeben .
Hinweis : Informationen über Icons werden für das Icon mit der höchsten Bitrate ermittelt .
"Dabei kann es sich um eine lokale Datei oder , eine entsprechende Konfiguration vorausgesetzt , um eine entfernte Datei handeln die über einen unterstützen Stream gelesen wird ."
"Dieser optionale Parameter erlaubt es , erweiterte Informationen aus der Datei zu ermitteln ."
Momentan werden die verschiedenen JPG APP Markierungen als assoziatives Array zurückgegeben .
Diese Markierungen werden von einigen Programmen verwendet um Textinformationen in Grafiken zu speichern .
Gebräuchlich ist die Einbettung von IPTC » http : / / www.iptc.org / Informationen in die APP13-Markierung .
"Sie können iptcparse ( ) benutzen , um die binäre APP13-Markierung in ein lesbares Format zu übertragen ."
Gibt ein Array mit fünf Elementen zurück .
Index 0 und 1 enthalten Breite respektive Höhe der Grafik .
Hinweis : Einige Formate enthalten keine oder mehrere Grafiken .
"In diesen Fällen ist getimagesize ( ) möglicherweise nicht in der Lage , die Dimensionen zu ermitteln ; der Rückgabewert für Breite und Höhe in ist in diesen Fällen 0 ."
Index 2 ist eine der IMAGETYPE ##UNDERSCORE## XXX-Konstanten entsprechend des Typs der Grafik .
Index 3 ist eine Zeichenkette mit dem Attributen Breite und Höhe in der Form height = &quot; yyy &quot; width = &quot; xxx &quot; zur Verwendung in einem IMG-Tag .
"Allerdings kann diese Angabe für einige Formate irreführend sein . GIF nutzt immer drei Kanäle pro Pixel , aber die Anzahl der Bits pro Pixel kann für ein animiertes GIF mit einer globalen Farbtabelle nicht errechnet werden ."
"Unterstützung für JPC , JP2 , JPX , JB2 , XBM und WBMP wurde hinzugefügt ."
Hinweis : Die Funktion getimagesize ( ) benötigt nicht die GD-Bibliothek .
"Video for Windows AVI , Quicktime MOV , MPEG MPG , Windows Media Video WMV or ASF , etc. ) , you will find the getid3 library to be indispensible ."
"Jetzt kann jeder Depositfiles User seine Files noch leichter , sicherer und jederzeit hochladen !"
Es ist eine neue Version vom DepositDateimanager vorhanden !
Was Ihnen ermöglicht bis zu 10 Dateien gleichzeitig hochzuladen !
"- Ihr Hochladeprozess ist beides , leicht und auch angenehm !"
"##STAR## um Ihre Files nicht zu verlieren , empfehlen wir , diese in Ihr Account hoch zu laden ."
"Gehen Sie bitte im Menü “ Options &quot; zu &quot; Account ” und tippen Ihren Benutzername und Passwort ein ( wenn Sie keinen Account bei Depositfiles haben , können Sie sich hier registrieren - das ist komplett kostenlos ) ."
"##STAR## Das Programm teilt automatisch große Files ( mehr als 100 MB ) auf kleinere Teile mit der Hilfe eines Archievierer , so dass Sie die Dateien größer als 100 MB zur Uploadschleife hinzufügen können ."
"Um diese Funktion einzuschalten , geben sie den Pfad zum Winrar Archievierer auf Ihrem Computer an ."
"Um das zu tun , überprüfen Sie bitte den Kästchen mit &quot; die Files größer als … komprimieren ... &quot; und geben Sie den Pfad zu dem Ordner mit Archievierer an ."
Der Archievierer kann hier heruntergeladen werden .
Die Links exportieren und speichern oder weitergeben !
- Sie können auch in den Optionen auswählen ob Ihre Links im Clipboard gespeichert werden sollen oder etwa in einer Text Datei .
"- Sie können das Format der Links , der zu hochladenen Dateien auswählen ."
Jedes Linkformat wählen das für Sie am bequemsten ist !
"Wenn Sie ein File größer als 100Mb hochladen möchten – einfach zur Uploadschleife hinzufuegen , das Programm schlägt dann Ihnen vor das File auf kleinere Teile zu teilen und wird diese dann zur Uploadschleife hinzufügen ."
"Achten Sie bitte darauf , dass Sie für diese Funktion um richtig zu funktionieren , in das Menü “ Options &quot; Untermenü &quot; Main &quot; gehen müssen ."
"Achten Sie auch bitte darauf , dass es noch weitere Optionen wie : minimieren zum Tray , Transparenz des Programmfenster , die Auswahl des Start und Stop des Hochladevorganges gemäß den Einstellungen , das Sie machen , usw. gibt ."
Foren über San Juan de los Terreros - Almería .
Foren über Conil de la Frontera - Cádiz .
Foren über Horta - Isla Faial - Azores .
Foren über El Mocanal - El Hierro .
Foren über La Restinga - El Hierro .
"Foren über Ten - bel , urbanizacion - Tenerife ."
Foren über Playa son bou - Ibiza .
"( Menge ) ist ein String-Objekt , das null oder mehr Werte haben kann . Alle diese Werte entstammen einer Liste zulässiger Werte , die beim Erstellen der Tabelle angegeben werden ."
-Mitgliedswerten am Ende stehende Leerzeichen in der Tabellendefinition automatisch entfernt .
"-Spalte gespeichert sind , in der Groß- / Kleinschreibung angezeigt , die bei der Spaltendefinition verwendet wurde ."
-Spalten ein Zeichensatz und eine Sortierung zugewiesen werden können .
"Bei binären Sortierungen oder solchen , bei denen die Groß- / Kleinschreibung unterschieden wird , wird die Schreibweise beim Zuweisen von Werten zur Spalte berücksichtigt ."
"-Werte numerisch , wobei das niederwertige Bit des gespeicherten Werts dem ersten Mitgliedswert der Menge entspricht ."
"-Wert in einem numerischen Kontext abrufen , sind die Bits dieses Werts entsprechend den Mitgliedswerten der Menge gesetzt , die den Spaltenwert bilden ."
"-Spalte gespeichert wird , bestimmen die Bits , die in der Binärform der Zahl gesetzt sind , die im Spaltenwert vorhandenen Mitglieder ."
"-Element enthält , spielt es keine Rolle , in welcher Reihenfolge die Elemente beim Einfügen des Werts aufgeführt sind ."
"Ebenso wenig ist relevant , wie häufig ein gegebenes Element in der Liste auftaucht ."
"Wenn der Wert später abgerufen wird , erscheint jedes Element des Werts genau einmal in der Liste , und diese ist in der Reihenfolge sortiert , in der die Mitglieder bei Erstellung der Tabelle aufgeführt wurden ."
an beliebiger Stelle ( auch als Teil-String eines anderen Mitglieds ) enthält .
"Die erste Anweisung sucht nach Werten , die das erste Mitglied der Menge enthalten ."
Die zweite sucht nach einer exakten Übereinstimmung .
Seien Sie bei Vergleichen des zweiten Typs vorsichtig .
"Sie sollten die Werte in derselben Reihenfolge angeben , in der sie in der Spaltendefinition aufgelistet sind ."
Meine tolle Bildergeschichte Die zwei lustigen Raver mit den zwei lustigen Ravern Acid &amp; E ist erschienen in dem grandiosen Buch Shake Your Tree # 3 .
Ich habe diese Geschichte mit Microsoft Paintbrush gezeichnet .
Bitte auch die Original-Zeichnungen in voller Größe anschauen !
Außerdem ist Hupel Pupel mit von der &quot; Partie &quot; !
Ferienwohnungen 1 Schlafzimmer und Studios &#124; Ferienwohnungen 2 Schlafzimmer &#124; Ferienwohnungen 3 Schlafzimmer oder mehr &#124; Ferienhaus &#124; Hotels &#124; Hostals &#124; Last Minute Angebote ! !
Das ist der Hauptsitz zum Kitesurfen in dieser Region von Cadiz Provinz .
Ein Strand mit hellem Sand der im Wohngebiet neben dem Castillo ( Schloss ) von San Marcos liegt .
"Der Strand La Calita und La Caleta liegt neben den Ruinen des Castillo de Santa Catalina , zwei ..."
"Ein halburbaner Strand mit feinem , hellen Sand und ausgezeichneter Infrastruktur sowie Zugang ..."
Der El Levante Strand ist auch bekannt als Los Toruños .
"Halburbaner , sehr gut besuchter Strand mit hellem Sand ."
"Hier können Sie Wassersport wie Fischen , Wind-surf und Kajak etc. treiben ."
Wenige Minuten vom Zentrum und Strand gelegene wunderschöne ...
In einer privaten Wohnanlage mit Pool liegen diese schönen ...
"“ EuroPoems ” , ein anlässlich der eLearning Awards 2008 eingereichtes Projekt von Elif Kara , einer türkischen Lehrerin der Schule Hisar Egitim Vakfi Okullari in Kemerburgaz bei Istanbul , wird anlässlich der Preisverleihung in Rom am 4. Dezember 2008 mit dem Young Digital Planet Preis für herausragende LehrerInnen ausgezeichnet ( 1.Preis ) ."
70 Finalisten wurden aus allen Beiträgen zu den eLearning Awards 2008 ausgewählt .
"Wenn Ihr Projekt sich in der Liste befindet , können Sie das Logo &quot; TOP 70 &quot; auf Ihre Website hinzufügen ."
"Manchmal wollt ihr euren Gegner einfach so hart treffen , dass die Realität ins Nichts verschwindet . Klingt gut ?"
"Das Regional Championship Programm ist im Januar gestartet und es gibt eine Menge Grüne für euch , daran teilzunehmen !"
"Ihr wißt nichts über das Programm ? Dann lasst mich damit anfangen , warum ihr ein Teil davon sein solltet ."
Am Scheideweg des Glaubens triffst du eine Entscheidung .
"Einige folgen dem Licht , während andere sich der Dunkelheit zuwenden ."
Ferienwohnungen &#124; Hotels &#124; Pensionen &#124; Campings &#124; Unterhaltung &#124; Last Minute Angebote ! !
Geniessen Sie in dieser Ferienwohnung in Fuengirola ihre ...
Wunderschönen Meerblick bietet Ihnen diese Ferienwohnung in ...
"Das Eurolinux Bündnis für eine Freie Informationelle Infrastruktur ist eine offene Koalition von Firmen und Verbänden , die gemeinsam eine auf dem Urheberrecht , offenen Standards , freiem Wettbewerb und quelloffener Software wie Linux aufbauende kraftvolle europäische Softwarekultur fördern und schützen wollen ."
"Firmenmitglieder und Förderer von EuroLinux entwickeln oder verkaufen Software für Betriebsssysteme wie GNU / Linux , MacOS oder MSWindows unter freien , halb-freien oder proprietären Lizenzbestimmungen ."
"In den letzten Jahren hat das Europäische Patentamt ( EPA ) gegen den Buchstaben und Geist der geltenden Gesetze über 30.000 Patente auf computer-eingekleidete Organisations- und Rechenregeln ( laut Gesetz Programme für Datenverarbeitungsanlagen , laut EPA-Neusprech von 2000 &quot; computer-implementierte Erfindungen &quot; ) erteilt ."
Nun möchte Europas Patentbewegung diese Praxis durch ein neues Gesetz festschreiben .
Europas Programmierer und Bürger sehen sich beträchtlichen Risiken ausgesetzt .
"Hier finden Sie die grundlegende Dokumentation zur aktuellen Debatte , ausgehend von einer Kurzeinführung und Übersicht über die neuesten Entwicklungen ."
Die Patentbewegung konnte über Jahrzehnte hinweg Unternehmen und Regierungen für ihre Expansionsbestrebungen gewinnen .
"FFII , Eurolinux und viele andere haben sich seit Jahren mit Erfolg dieser Arbeit gewidmet ."
"Aber noch rollte der Zug , und wir haben wir viel mehr Aufgaben als freie Hände ."
"Hier erklären wir , wie Sie unsere Arbeit voranbringen können ."
"Eine Datenbank der Monopole auf Programmieraufgaben , die das Europäischen Patentamt gegen den Buchstaben und Geist der geltenden Gesetze massenweise gewährt hat , und über die es die Öffentlichkeit nur häppchenweise informiert ."
"Die Softwarepatent-Arbeitsgruppe des FFII versucht , die Softwarepatente herauszusuchen , besser zugänglich zu machen , und ihre Wirkungen auf die Softwareentwicklung zu zeigen ."
"In den letzten Jahren hat das Europäische Patentamt ( EPA ) einige 10000 Patente auf computer-implementierte Organisations- und Rechenregeln , d.h. Programme für Datenverarbeitungsanlagen &#91; als solche &#93; erteilt ."
Wir sammeln diese Patente und machen sie zugänglich .
Jürgen war wieder viel unterwegs und hat uns einige schöne Fangbilder aus dem Monat Mai zukommen lassen .
"Nun geben die Experten aus Großbritannien Ali Hamidi , Steve Renyard und Jan Porter ihr Wissen an Sie weiter . Die gerade vorgestellte DVD &quot; Guide to Carp Fishing &quot; enthält Wissenswertes und Interessantes rund um das Thema Karpfenangeln ."
Die Anmeldemodalitäten wurden auf vielfachen Wunsch erweitert sowie ein Fragebogen für eine vereinfachte Bewerbung erstellt .
Besonders interessant für die Karpfenangler unter Ihnen : die neue Shimano Tribal DVD &quot; Guide to Carp Fishing &quot; . Die Team Tribal Experten aus Großbritannien haben Interessantes und Wissenswertes in Bild und Ton für Sie festgehalten .
"Bereits zum zweiten Mal nahm das Shimano Meeresteam am Rügener Trollingtreffen teil . Germeinsam fuhren die Drei schon einige Tage vorher nach Rügen , um sich auf die dreitägige Veranstaltung vorzubereiten ."
Seon katõgoorian ommaq järgmädseq 5 lehekülge ( kokko 5 ) .
"Seo leht om viimäte muudõt 02 : 17 , 10. piimäkuu 2009 ."
Ferienhäuser &#124; Ferienwohnungen &#124; Hotels &#124; Was kann man unternehmen &#124; Last Minute Angebote ! !
"Formigal , auf aragonesisch Fornigal genannt , ist eine kleine Gemeinde in der Provinz Huesca im ..."
"Es ist klar , dass die meisten Aktivitäten und Unternehmungen in Formigal mit dem Schnee und den ..."
"Das Klima in Formigal mitten in den Pyrenäen ist ein Hochgebirgsklima , sehr kalt im Winter und ..."
Dies ist eines der wichtigsten Skigebiete in den Pyrenäen und auf der Halbinsel .
Unter diesen Zeilen finden sie einige Informationen die während Ihres Urlaubs in Formigal ...
"Natur in dieser Region ist das Valle de Tena , sind die Pyrenäen , sind Naturlandschaften mit ..."
"Formigal ist ein Wintersportort mit 200 Einwohnern , zugehörig zu der grösseren Gemeinde mit 1500 ..."
Es gibt verschiedene Sportarten die in Formigal praktiziert werden .
"Es ist sehr einfach in Formigal in einem Restaurant essen zu gehen , dieser Skiort hat ..."
"Formigal ist ein Skiort in den Pyrenäen , in der Gemeinde Sallent de Gallego , erreichbar mit dem ..."
Sallent de Gallego ist ein kleines Dorf in der Huesca Provinz .
"Formigal befindet sich in Sallent de Gallego , in den Pyrenäen ."
"Formigal , auf aragonesisch Fornigal genannt , ist eine kleine Gemeinde in der Provinz Huesca im Herzen der Pyrenäen ."
"Sie gehört zum Bezirk Sallent de Gallego und hat nicht mehr als 200 Einwohner , obwohl während der Skisaison die Bevölkerung auf das fünffache ansteigt ."
Formigal liegt einige Kilometer von der französischen Grenze und 90km von Huesca entfernt .
Eingenistet zwischen den Hängen des Tales Valle de Tena ist die Gemeinde einer der wichtigsten Wintersportorte in Spanien .
Das Skigebiet in den Pyrenäen kann bis zu 30.000 Personen aufnehmen .
"Der Skiort heisst Aramón Formigal , die Höhen differenzieren zwischen 1500m und 2250m und das Gebiet bietet über 100km Pisten ."
"Der Wintersportort ist voll ausgestattet , mit Gondelbahnen , Sesselliften und Schleppliften , um zu den Abfahrten zu gelangen ."
"Die Anlagen können stündlich über 2500 Schifahrer transportieren . Ausserdem bietet der Skiort Materialverleih , Restaurants , Unterkünfte wie Hotels und Ferienwohnungen , Arzt und Gesundheitszentrum und verschiedene Pisten für Slalom , Tuber und zum Snowboarden ."
"Hotel Balaitus in la Villa de Sallent , befindet sich in der Altstadt und ist ein typisch traditionelles Gebäude , dass Sie sicherlich begeistern wird ."
Inmitten einer wunderschönen Naturlandschaft liegt dieses Hotel in Huesca und erwartet Sie mit einem ruhigen Ambiente im Herzen der Pyrenäen .
"Ferienhaus Formigal in den Pyrenäen in einmaliger Lage , zwei Schlafzimmer , eins mit Doppelbett und das andere mit einem Etagenbett und ein Einzelbett , Bettsofa im Wohnzimmer ."
Ferienwohnung Formigal in den Pyrenäen im Norden von Spanien .
"Nahe an den Skipisten und nur wenige Minuten vom Supermarkt , Restaurant , Bars ... entfernt ."
Ferienwohnung in Fuengirola in zweiter Strandlinie zu ...
Ferienappartment mit 3 Schlafzimmern für 6 Personen . Es ist ...
Hotels &#124; Ferienwohnungen &#124; Pensionen &#124; Automiete ab Malaga &#124; Last Minute Angebote ! !
"Ob ein eigenes Geschäft , ein Anlageobjekt um es weiter zu verkaufen oder vermieten , oder ein Ladenlokal zu übernehmen ."
Studio in Fuengirola im Hotel Las Palmeras genau gegenüber ...
"Studio Fewos an der Costa del Sol in Benalmadena Costa , ..."
Grosse Ferienwohnung an der Costa del Sol in Mijas Costa im ...
"Bei Fixbuchungen bitten wir um eine Anzahlung von € 300 , - pro Zimmer auf unser Konto bei der Raiffeisenbank Ehrwald ."
Bei vorheriger Abreise oder verspäteter Ankunft berechnen wir den Zimmerpreis .
"Als Zahlungsmöglichkeiten akzeptieren wir Bargeld , Travellerschecks , EC- , Visa- oder Mastercard oder vorab Banküberweisung ."
"Bitte haben Sie Verständnis dafür , dass das Buchen einer bestimmten Zimmerkategorie möglich ist , nicht jedoch die Reservierung bestimmter Zimmernummern und Stockwerke ."
Die Zimmer sind ab 15 : 00 Uhr beziehbar .
Bitte geben Sie das Zimmer bis spätestens 11 : 00 Uhr frei .
Sie können direkt mit Ihrer Reservierung den hogast Reisestorno- und Urlaubsschutz abschließen . Die Prämie beträgt 5 % des gesamten Rechnungsbetrages .
"Diese Statistik basiert auf den teilnehmenden E-Commerceseiten 6819 ( E-Shops , Distributoren , Vergleichsseiten , E-Commerce ASPs , Einkaufssysteme etc ) , welche dieses ICEcat Datenblatt täglich seit dem 21. März 2009 herunterladen . 01 Mar 2008 ."
Die tatsächliche Druckgeschwindigkeit ist abhängig von der Art des zu druckenden Dokuments .
"Time needed before printing after power switched on , expressed in minutes ."
Paletten Größe ( B x T x H ) .
Ihre persönlichen Daten werden bei der Übermittlung elektronisch verschlüsselt .
Wir legen großen Wert auf die Vertraulichkeit Ihrer persönlichen Daten .
